<?xml version="1.0" encoding="utf-8" ?>
<dwsync>
<file name="style.css" server="ftp.drawingsky.lk/greenuniversity.drawingsky.lk/" local="131223453612409808" remote="131223807600000000" Dst="0" />
<file name="link.png" server="ftp.drawingsky.lk/greenuniversity.drawingsky.lk/" local="131212094900000000" remote="131223807600000000" Dst="0" />
<file name="back.png" server="ftp.drawingsky.lk/greenuniversity.drawingsky.lk/" local="129604658240000000" remote="131223807600000000" Dst="0" />
<file name="logo.jpg" server="ftp.drawingsky.lk/greenuniversity.drawingsky.lk/" local="131217641060000000" remote="131223807600000000" Dst="0" />
<file name="bullet.png" server="ftp.drawingsky.lk/greenuniversity.drawingsky.lk/" local="129346228340000000" remote="131223807600000000" Dst="0" />
<file name="search.png" server="ftp.drawingsky.lk/greenuniversity.drawingsky.lk/" local="129346222460000000" remote="131223807600000000" Dst="0" />
<file name="graphic.png" server="ftp.drawingsky.lk/greenuniversity.drawingsky.lk/" local="129603888060000000" remote="131223807600000000" Dst="0" />
<file name="38-300x180.jpg" server="ftp.drawingsky.lk/greenuniversity.drawingsky.lk/" local="131211885020000000" remote="131223807600000000" Dst="0" />
<file name="4_69cd0.jpg" server="ftp.drawingsky.lk/greenuniversity.drawingsky.lk/" local="131211887220000000" remote="131223807600000000" Dst="0" />
<file name="arrow.png" server="ftp.drawingsky.lk/greenuniversity.drawingsky.lk/" local="129346234880000000" remote="131223807600000000" Dst="0" />
<file name="ddd.jpg" server="ftp.drawingsky.lk/greenuniversity.drawingsky.lk/" local="129604650500000000" remote="131223807600000000" Dst="0" />
<file name="dfg" server="ftp.drawingsky.lk/greenuniversity.drawingsky.lk/" local="129346220740000000" remote="131223807600000000" Dst="0" />
<file name="logo.png" server="ftp.drawingsky.lk/greenuniversity.drawingsky.lk/" local="129603812480000000" remote="131223807600000000" Dst="0" />
<file name="HP-Documents-Folder-icon.png" server="ftp.drawingsky.lk/greenuniversity.drawingsky.lk/" local="131212093680000000" remote="131223807600000000" Dst="0" />
<file name="tabs.png" server="ftp.drawingsky.lk/greenuniversity.drawingsky.lk/" local="129603816220000000" remote="131223807600000000" Dst="0" />
<file name="ss.jpg" server="ftp.drawingsky.lk/greenuniversity.drawingsky.lk/" local="131211887480000000" remote="131223807600000000" Dst="0" />
<file name="button_admin-panel.png" server="ftp.drawingsky.lk/greenuniversity.drawingsky.lk/" local="131221723334528742" remote="131223807600000000" Dst="0" />
<file name="style2.css" server="ftp.drawingsky.lk/greenuniversity.drawingsky.lk/" local="131223412267435297" remote="131223807600000000" Dst="0" />
</dwsync>