<?xml version="1.0" encoding="UTF-8"?>
<project-private xmlns="http://www.netbeans.org/ns/project-private/1">
    <editor-bookmarks xmlns="http://www.netbeans.org/ns/editor-bookmarks/2" lastBookmarkId="0"/>
    <open-files xmlns="http://www.netbeans.org/ns/projectui-open-files/2">
        <group>
            <file>file:/C:/xampp/htdocs/GroupProject/register.php</file>
            <file>file:/C:/xampp/htdocs/GroupProject/stu-reg-staff.php</file>
            <file>file:/C:/xampp/htdocs/GroupProject/style.css</file>
            <file>file:/C:/xampp/htdocs/GroupProject/index.php</file>
            <file>file:/C:/xampp/htdocs/GroupProject/stu-reg-admin.php</file>
            <file>file:/C:/xampp/htdocs/GroupProject/login.php</file>
            <file>file:/C:/xampp/htdocs/GroupProject/sports.php</file>
            <file>file:/C:/xampp/htdocs/GroupProject/stu-reg-coach.php</file>
        </group>
    </open-files>
</project-private>
